date,member_id,session
2025-01-10,1001,Training
2025-01-10,1002,Training
2025-01-10,1003,Match
2025-01-11,1001,Training
2025-01-11,1004,Training
2025-01-12,1002,Match
2025-01-12,1005,Training
2025-01-13,1001,Training
2025-01-13,1006,Training
2025-01-13,1007,Match
2025-01-14,1003,Training
2025-01-14,1008,Training
2025-01-15,1002,Training
2025-01-15,1009,Match
2025-01-16,1004,Training
2025-01-16,1010,Training
2025-01-17,1001,Match
2025-01-17,1011,Training
2025-01-18,1005,Training
2025-01-18,1012,Training
2025-01-19,1006,Match
2025-01-19,1016,Training
2025-01-20,1007,Training
2025-01-20,1017,Training
2025-01-21,1008,Match
2025-01-21,1018,Training
2025-01-22,1001,Training
2025-01-22,1009,Training
,1010,Training
2025-01-24,NOTINT,Training
2025-01-25,1002,
2025-01-26,1003,Training
2025-01-27,1004,Training
2025-01-28,1011,Match
2025-01-29,1012,Training
2025-01-30,1016,Training
